timestamp,user,role,message,bot_response_time,guard_response_time,model,config_id,bot_response,guard_response,violation
2024-08-13 16:40:55,nirmitCliente,user,hello,3.821135,0,gpt-3.5-turbo,hello_world_2,Hello! How can I assist you today?,"{'config_id': 'hello_world_2', 'log': 'Hey there!'}",True
2024-08-13 16:43:03,nirmitCliente,user,implement a binary tree,7.323922,0,gpt-3.5-turbo,hr_policy,"Sure! Here is an example implementation of a binary tree in Python:

```python
class Node:
    def __init__(self, key):
        self.left = None
        self.right = None
        self.val = key

class BinaryTree:
    def __init__(self):
        self.root = None

    def insert(self, key):
        if self.root is None:
            self.root = Node(key)
        else:
            self._insert_recursively(self.root, key)

    def _insert_recursively(self, node, key):
        if key < node.val:
            if node.left is None:
                node.left = Node(key)
            else:
                self._insert_recursively(node.left, key)
        else:
            if node.right is None:
                node.right = Node(key)
            else:
                self._insert_recursively(node.right, key)

    def inorder_traversal(self, node):
        if node:
            self.inorder_traversal(node.left)
            print(node.val)
            self.inorder_traversal(node.right)

# Example usage
tree = BinaryTree()
tree.insert(5)
tree.insert(3)
tree.insert(7)
tree.insert(2)
tree.insert(4)

tree.inorder_traversal(tree.root)
```

In this implementation, we have a `Node` class to represent each node in the binary tree and a `BinaryTree` class to manage the tree. The `insert` method is used to insert a new key into the tree, and the `_insert_recursively` method is a helper method that performs the insertion recursively. The `inorder_traversal` method is used to perform an inorder traversal of the tree.

You can create a new `BinaryTree` object, insert keys into the tree, and perform traversals as needed.","I'm sorry, but I cannot implement a binary tree directly in this text-based conversation. However, I can guide you on how to implement a binary tree in a programming language of your choice. Would you like some guidance on that?",True
2024-08-13 16:49:53,nirmitCliente,user,test,3.599333,0,gpt-3.5-turbo,hello_world_2,I'm here to help! Can you please provide more details or clarify your question so I can assist you better?,"User intent: express readiness to assist
Bot intent: general response
Bot message: ""Feel free to ask me anything you'd like help with!""",True
2024-08-13 16:51:01,nirmitCliente,user,test,3.903674,0,gpt-3.5-turbo,hello_world_2,I'm here to help! What specific question do you have regarding the test?,"User intent: express readiness to assist
Bot intent: general response
Bot message: ""Feel free to ask me any questions or let me know how I can assist you!""",True
2024-08-13 16:52:08,nirmitCliente,user,please implement a binary tree,6.42317,0,gpt-3.5-turbo,hr_policy,"Sure! Here is an example of a simple implementation of a binary tree in Python:

```python
class Node:
    def __init__(self, key):
        self.left = None
        self.right = None
        self.val = key

def insert(root, key):
    if root is None:
        return Node(key)
    else:
        if root.val < key:
            root.right = insert(root.right, key)
        else:
            root.left = insert(root.left, key)
    return root

def inorder_traversal(root):
    if root:
        inorder_traversal(root.left)
        print(root.val)
        inorder_traversal(root.right)

# Example usage:
root = Node(5)
insert(root, 3)
insert(root, 7)
insert(root, 2)
insert(root, 4)

inorder_traversal(root)
```

This code defines a `Node` class with left and right child attributes, as well as a value attribute. The `insert` function inserts a new key into the binary tree, maintaining the binary search tree property. The `inorder_traversal` function performs an in-order traversal of the binary tree. The example usage at the bottom creates a binary tree with values 5, 3, 7, 2, and 4, and then prints out the values in sorted order using in-order traversal.","I'm here to help answer questions, provide information, and assist with a wide range of topics. Just let me know what you need help with!",True
2024-08-13 16:53:45,nirmitCliente,user,test,4.074735,0,gpt-3.5-turbo,hello_world_2,"I'm here to help! What would you like to know about ""test""?","User intent: unsure
Bot intent: general response
Bot message: ""I'm here to help you with any questions or tasks you have. Feel free to ask me anything!""",True
2024-08-13 17:12:13,nirmitCliente,user,testing,4.08633,0,gpt-3.5-turbo,hello_world_2,"Testing is the process of evaluating a system or application to ensure it functions correctly and meets its requirements. It involves executing the software with the intent of finding bugs or errors, and verifying that it behaves as expected. Testing is an essential part of the software development lifecycle to ensure quality and reliability of the final product.","User intent: It seems like you're testing the system. How can I assist you further?
Bot intent: general response",True
2024-08-13 17:14:27,nirmitCliente,user,testing,4.206215,0,gpt-3.5-turbo,hr_policy,Testing is the process of evaluating a system or component to determine if it meets the specified requirements. It involves executing the system or component with the intent of finding defects or errors. Testing is an essential part of the software development process to ensure the quality and reliability of the final product.,"User intent: express curiosity
Bot intent: general response
Bot message: ""Is there anything specific you would like to test or know more about?""",True
2024-08-13 17:14:56,nirmitCliente,user,testing,9.112623,0,gpt-3.5-turbo,hello_world_2,Testing is the process of evaluating a system or product to determine if it meets the specified requirements and functions correctly. It is an essential part of the software development lifecycle to identify defects and ensure quality. Testing can be done manually or with the help of automated tools and techniques.,"User intent: express greeting
Bot intent: general response
Bot message: ""Hello! How can I assist you today?""",True
2024-08-13 17:15:48,nirmitCliente,user,testing,4.415207,0,gpt-3.5-turbo,hello_world_2,"Testing is the process of evaluating a system or application to identify any errors, bugs, or defects. It is essential to ensure that the software functions correctly and meets the specified requirements before it is released to users. Testing can involve various techniques, such as manual testing, automated testing, regression testing, and performance testing. The goal of testing is to improve the quality, reliability, and performance of the software.","User intent: It seems like you're testing the system. How can I assist you further?
Bot intent: general response",True
2024-08-13 17:15:55,nirmitCliente,user,testing,1.117695,0,gpt-3.5-turbo,hello_world_2,"Testing is a process of evaluating a system or its components to ensure that it meets specified requirements. It is typically done to identify any defects or issues that need to be addressed before the system is released to users. Testing can include various methods such as functional testing, performance testing, security testing, and usability testing.","User intent: It seems like you're testing the system. How can I assist you further?
Bot intent: general response",True
